compound,kegg_id
Cystine,C00491
Asparagine,C00152
Aspartic acid,C00049
Serine,C00065
Alanine,C00041
4-Hydroxyproline,C01157
Cystathionine,C02291
Glycine,C00037
Citicoline,C00307
Glutamine,C00064
Threonine,C00188
Cysteine,C00097
Dimethylglycine,C01026
Methionine sulfoxide,C02989
Glutamic acid,C00025
Cytidine monophosphate,C00055
Citrulline,C00327
Guanosine monophosphate,C00144
Proline,C00148
Ornitine,C00077
2-Aminobutyric acid,C02356
Lysine,C00047
Histidine,C00135
Adenosine monophosphate,C00020
Uracil,C00106
Argininosuccinic acid,C03406
Thymidine monophosphate,C00364
Homocysteine,C00155
Arginine,C00062
Creatine,C00300
4-Aminobutyric acid,C00334
Cysteamine,C01678
Cytosine,C00380
Nicotinic acid,C00253
"Cytidine 3',5'-cyclic monophosphate",C00941
Hypoxanthine,C00262
Homocystine,C01817
Choline,C00114
Uridine,C00299
5-Glutamylcysteine,C00669
Glutathione,C00051
Valine,C00183
Creatinine,C00791
Norepinephrine,C00547
Carnitine,C00318
Methionine,C00073
Niacinamide,C00153
Ophthalmic acid,
Carnosine,C00386
"Guanosine 3',5'-cyclic monophosphate",C00942
Thymine,C00178
Histamine,C00388
Thymidine,C00214
"Adenosine 3',5'-cyclic monophosphate",C00575
Adenylsuccinic acid,C03794
Guanosine,C00387
Inosine,C00294
FAD,C00016
Pantothenic acid,C00864
Dopa,C00355
Cytidine,C00475
Adenine,C00147
Tyrosine,C00082
Adenosine,C00212
Symmetric dimethylarginine,
S-Adenosylmethionine,C00019
Epinephrine,C00788
Asymmetric dimethylarginine,C03626
Isoleucine,C00407
Leucine,C00123
Phenylalanine,C00079
Dopamine,C03758
S-Adenosylhomocysteine,C00021
Kynurenine,C00328
Acetylcarnitine,C02571
Acetylcholine,C01996
Tryptophan,C00078
Serotonin,C00780
Allantoin,C02350
2-Morpholinoethanesulfonic acid,
Methionine sulfone,
2-Ketoglutaric acid,C00026
Malic acid,C00149
Isocitric acid,C00311
Pyruvic acid,C00022
Orotic acid,C00295
Lactic acid,C00186
Uric acid,C00366
Citric acid,C00158
Aconitic acid,C00417
NAD,C00003
Succinic acid,C00042
Xanthine,C00385
Fumaric acid,C00122
Guanine,C00242
FMN,C00061
Oxidized glutathione,C00127
Taurocholic acid,C05122
Cholic acid,C00695
b-alanine,C00099
IMP,C00130
Urea,C00086
アセト酢酸,C00164
3-ヒドロキシ酪酸,C01089
2-Ketoisocaproic acid,C00233
ヒドロコルチゾン,C00735
コルチコステロン,C02140
